Nama Pekerjaan,Perusahaan,Lokasi,Gaji,Deskripsi Pekerjaan,Kategori Minat,Kemampuan Dibutuhkan,Kondisi Kesehatan,Posisi,Kualifikasi,Minimal Pengalaman,Tipe Pekerjaan
Asisten Dapur,PT Roti Nusantara,Jakarta,Rp 2.500.000,Membantu koki menyiapkan bahan masakan dan menjaga kebersihan area dapur.,Memasak,"Mengikuti langkah-langkah sederhana, Kerja tim, Ketelitian","Tidak alergi bahan kimia tertentu, Membutuhkan istirahat berkala",Staff,Lulusan SMA/SMK,0-1 tahun,Full-time
Petugas Kebun,Taman Kota Mandiri,Bandung,Rp 2.000.000,"Merawat tanaman, menyiram bunga, dan menjaga kebersihan taman.",Berkebun,"Menggunakan alat sederhana, Ketelitian, Koordinasi tangan dan mata",Tidak cocok di suhu panas,Staff,Lulusan SMP/SMK,0-1 tahun,Part-time
Operator Komputer,PT Digital Jaya,Surabaya,Rp 3.000.000,Mengoperasikan komputer untuk tugas-tugas sederhana seperti mengetik dan pengarsipan.,Teknologi dasar,"Mengetik, Membaca dasar, Kreativitas",Membutuhkan lingkungan kerja tenang,Operator Komputer,Lulusan SMA/SMK,0-2 tahun,Full-time
Pembersih Ruangan,PT Bersih Sejahtera,Yogyakarta,Rp 2.200.000,Membersihkan ruangan kerja dan menjaga kebersihan kantor.,Lingkungan dan alam,"Menjaga kebersihan, Ketelitian, Disiplin","Tidak boleh mengangkat beban berat, Tidak alergi bahan kimia tertentu",Staff,Lulusan SMP/SMK,0-1 tahun,Full-time
Fotografer Pemula,Studio Kreatif Nusantara,Denpasar,Rp 3.500.000,Mengambil foto sederhana dan membantu pengeditan dasar.,"Fotografi, Seni","Kreativitas, Mendengarkan instruksi, Pemecahan masalah sederhana","Membutuhkan lingkungan kerja tenang, Tidak sensitif terhadap cahaya terang",Staff,Lulusan SMA/SMK,1 tahun,Full-time
Perancang Kerajinan,Sanggar Kerajinan Daerah,Solo,Rp 2.800.000,Membantu pembuatan kerajinan seperti anyaman dan dekorasi.,"Kerajinan tangan, Seni","Ketelitian, Koordinasi tangan dan mata, Kesabaran","Tidak cocok di suhu dingin, Membutuhkan lingkungan kerja bebas tekanan",Staff,Lulusan SMP/SMK,0-1 tahun,Part-time
Penjaga Perpustakaan,Perpustakaan Nasional,Malang,Rp 2.600.000,"Menata buku, membantu pengunjung, dan menjaga kebersihan perpustakaan.","Membaca cerita, Lingkungan dan alam","Membaca dasar, Menulis sederhana, Berbicara dengan orang lain","Tidak cocok di suhu dingin, Membutuhkan lingkungan kerja tenang",Staff,Lulusan SMP/SMK,0-2 tahun,Full-time
Asisten Toko Roti,Toko Roti Manis,Semarang,Rp 2.700.000,"Menyiapkan bahan roti, memanggang, dan melayani pelanggan.",Memasak,"Mengikuti instruksi, Kerja tim, Ketelitian","Tidak alergi bahan kimia tertentu, Membutuhkan istirahat berkala",Staf Roti,Lulusan SMA/SMK,0-1 tahun,Full-time
Petugas Museum,Museum Nasional Indonesia,Medan,Rp 2.300.000,Membersihkan area pameran dan memastikan kebersihan fasilitas museum.,Lingkungan dan alam,"Menjaga kebersihan, Ketelitian, Disiplin","Tidak alergi bahan kimia tertentu, Tidak boleh mengangkat beban berat",Staff,Lulusan SMP/SMK,0-1 tahun,Part-time
Asisten Desain Grafis,Studio Kreatif Nusantara,Jakarta,Rp 3.200.000,Membantu membuat desain sederhana menggunakan komputer.,"Teknologi dasar, Seni","Kreativitas, Pemecahan masalah sederhana, Mengetik","Membutuhkan lingkungan kerja tenang, Tidak cocok di suhu panas",Asisten Desain,Lulusan SMA/SMK,1 tahun,Full-time
Penjaga Kebun Binatang,Kebun Binatang Lokal,Surabaya,Rp 2.800.000,"Merawat hewan, memberi makan, dan menjaga kebersihan kandang.","Merawat hewan, Lingkungan dan alam","Menggunakan alat sederhana, Kesabaran, Koordinasi tangan dan mata","Tidak cocok di suhu panas, Membutuhkan istirahat berkala",Staff,Lulusan SMA/SMK,0-1 tahun,Full-time
Asisten Penjahit,Konveksi Nusantara,Solo,Rp 2.500.000,"Membantu penjahit dalam menyiapkan pola, menjahit, atau merapikan kain.","Seni, Kerajinan tangan","Ketelitian, Kreativitas, Koordinasi tangan dan mata",Membutuhkan lingkungan kerja tenang,Asisten,Lulusan SMP/SMK,0-1 tahun,Full-time
Pengasuh Hewan,Pet Shop Sejahtera,Jakarta,Rp 2.300.000,"Memberi makan, memandikan, dan merawat hewan kecil seperti kucing atau anjing.",Merawat hewan,"Kesabaran, Kerja tim, Ketahanan fisik ringan","Tidak alergi bahan kimia tertentu, Membutuhkan lingkungan kerja tenang",Staff,Lulusan SMA/SMK,0-2 tahun,Part-time
Staf Administrasi,PT Administrasi Jaya,Yogyakarta,Rp 3.000.000,"Membantu pengarsipan dokumen, mengetik laporan, dan menjaga kerapihan administrasi.",Teknologi dasar,"Mengetik, Mengatur waktu, Membaca dasar","Membutuhkan lingkungan kerja tenang, Tidak cocok di suhu panas",Staff,Lulusan SMA/SMK,0-1 tahun,Full-time
Asisten Produksi,PT Produksi Kreatif,Bandung,Rp 2.700.000,Membantu proses produksi seperti merakit barang dan memeriksa kualitas produk.,"Seni, Kerajinan tangan","Ketelitian, Koordinasi tangan dan mata","Membutuhkan istirahat berkala, Tidak alergi bahan kimia tertentu",Staff,Lulusan SMP/SMK,0-1 tahun,Part-time
Pemandu Wisata Lokal,Wisata Sejarah Nusantara,Malang,Rp 3.200.000,"Memandu pengunjung dalam tur lokal, menjelaskan informasi sejarah, dan menjaga pengalaman yang baik.","Lingkungan dan alam, Seni","Berbicara dengan orang lain, Mendengarkan instruksi, Kreativitas","Tidak alergi bahan kimia tertentu, Membutuhkan lingkungan kerja bebas tekanan",Staff,Lulusan SMA/SMK,1 tahun,Full-time
Asisten Toko Perlengkapan,Toko Perlengkapan Rumah,Medan,Rp 2.400.000,"Membantu pelanggan memilih barang, menjaga kebersihan toko, dan mengatur barang di rak.",Teknologi dasar,"Berbicara dengan orang lain, Menjaga kebersihan, Ketelitian",Membutuhkan lingkungan kerja tenang,Staff,Lulusan SMA/SMK,0-1 tahun,Full-time
Pengelola Media Sosial,PT Media Kreatif,Jakarta,Rp 3.500.000,"Membantu membuat konten untuk media sosial, menjawab pertanyaan pelanggan, dan mengatur postingan.","Teknologi dasar, Seni","Mengetik, Kreativitas, Mengatur waktu","Membutuhkan lingkungan kerja tenang, Tidak cocok di suhu panas",Staff,Lulusan SMA/SMK,0-2 tahun,Full-time
Pembersih Fasilitas Umum,PT Bersih Sejahtera,Bandung,Rp 2.100.000,"Membersihkan area publik seperti taman, ruang tunggu, dan toilet.",Lingkungan dan alam,"Menjaga kebersihan, Ketelitian, Disiplin","Tidak cocok di suhu panas, Tidak boleh mengangkat beban berat",Staff,Lulusan SMP/SMK,0-1 tahun,Part-time
Asisten Lab,Laboratorium Nusantara,Denpasar,Rp 3.000.000,"Membantu menyiapkan alat laboratorium, mencatat data, dan menjaga kebersihan alat.",Teknologi dasar,"Ketelitian, Koordinasi tangan dan mata, Pemecahan masalah sederhana","Tidak alergi bahan kimia tertentu, Membutuhkan lingkungan kerja tenang",Asisten,Lulusan SMA/SMK,0-1 tahun,Full-time
Barista,Kedai Kopi Nusantara,Jakarta,Rp 3.000.000,"Menyajikan kopi, melayani pelanggan, dan menjaga kebersihan area bar.",Memasak,"Mengikuti instruksi, Berbicara dengan orang lain, Menjaga kebersihan","Tidak alergi bahan kimia tertentu, Membutuhkan lingkungan kerja tenang",Staff,Lulusan SMA/SMK,0-2 tahun,Full-time
Penata Taman,PT Green World,Bandung,Rp 2.500.000,"Menata bunga dan tanaman hias, serta menjaga estetika taman.","Berkebun, Seni","Menggunakan alat sederhana, Kreativitas, Koordinasi tangan dan mata","Tidak cocok di suhu panas, Membutuhkan istirahat berkala",Staff,Lulusan SMA/SMK,0-1 tahun,Part-time
Asisten Fotografer,Studio Kreatif Terbaik,Surabaya,Rp 3.200.000,"Membantu fotografer mengatur pencahayaan, peralatan, dan membantu pengeditan dasar.","Fotografi, Seni","Kreativitas, Mendengarkan instruksi, Ketelitian",Membutuhkan lingkungan kerja tenang,Asisten,Lulusan SMA/SMK,0-1 tahun,Full-time
Pelayan Restoran,Restoran Nusantara,Jakarta,Rp 2.800.000,"Melayani tamu restoran, mengantarkan pesanan, dan membersihkan meja.","Memasak, Sosial","Berbicara dengan orang lain, Ketahanan fisik ringan, Menjaga kebersihan","Tidak boleh berdiri terlalu lama, Membutuhkan istirahat berkala",Staff,Lulusan SMP/SMK,0-1 tahun,Part-time
Staf Peralatan,Toko Peralatan Kreatif,Medan,Rp 2.700.000,"Membantu pelanggan memilih alat, menjaga stok barang, dan menata peralatan di toko.",Teknologi dasar,"Mengetik, Koordinasi tangan dan mata, Ketelitian",Membutuhkan lingkungan kerja tenang,Staff,Lulusan SMA/SMK,0-1 tahun,Full-time
Pemandu Museum,Museum Budaya Nusantara,Malang,Rp 3.000.000,"Membimbing pengunjung museum, memberikan informasi tentang koleksi, dan menjaga area pameran.","Seni, Lingkungan dan alam","Berbicara dengan orang lain, Kreativitas, Kesabaran",Membutuhkan lingkungan kerja tenang,Staff,Lulusan SMA/SMK,0-2 tahun,Full-time
Tukang Roti,Toko Roti Tradisional,Solo,Rp 2.500.000,"Membuat adonan, memanggang roti, dan memastikan kualitas produk.",Memasak,"Ketelitian, Kreativitas, Mengikuti langkah-langkah sederhana",Tidak alergi bahan kimia tertentu,Staff,Lulusan SMA/SMK,0-1 tahun,Full-time
Staf Gudang,PT Logistik Nusantara,Bandung,Rp 2.200.000,"Membantu menyusun barang, mengemas produk, dan menjaga kebersihan gudang.",Lingkungan dan alam,"Menggunakan alat sederhana, Ketelitian, Koordinasi tangan dan mata","Tidak boleh mengangkat beban berat, Membutuhkan istirahat berkala",Staff,Lulusan SMA/SMK,0-2 tahun,Full-time
Desainer Ilustrasi,Studio Seni Kreatif,Jakarta,Rp 3.500.000,Membuat ilustrasi digital sederhana untuk buku atau media lainnya.,"Seni, Teknologi dasar","Kreativitas, Ketelitian, Pemecahan masalah sederhana",Membutuhkan lingkungan kerja tenang,Desainer Ilustrasi,Lulusan SMA/SMK,0-1 tahun,Full-time
Penjaga Kandang Ternak,Peternakan Sejahtera,Yogyakarta,Rp 2.400.000,"Merawat hewan ternak, memberi makan, dan menjaga kebersihan kandang.","Merawat hewan, Lingkungan dan alam","Kesabaran, Ketahanan fisik ringan, Mengikuti instruksi sederhana","Tidak cocok di suhu panas, Tidak boleh berdiri terlalu lama",Staff,Lulusan SMP/SMK,0-1 tahun,Full-time
Asisten Dapur Resto,Restoran Sederhana,Denpasar,Rp 2.700.000,"Membantu koki memasak hidangan, mencuci peralatan masak, dan menjaga kebersihan dapur.",Memasak,"Menjaga kebersihan, Kerja tim, Ketelitian","Tidak alergi bahan kimia tertentu, Membutuhkan lingkungan kerja tenang",Asisten Dapur,Lulusan SMP/SMK,0-1 tahun,Full-time
Perakit Produk Elektronik,PT Elektronik Nusantara,Surabaya,Rp 3.200.000,Merakit komponen elektronik sederhana seperti lampu atau speaker.,Teknologi dasar,"Ketelitian, Koordinasi tangan dan mata, Kreativitas",Membutuhkan lingkungan kerja tenang,Operator,Lulusan SMA/SMK,0-2 tahun,Full-time
Asisten Pemasaran,PT Pemasaran Kreatif,Solo,Rp 3.000.000,Membantu tim pemasaran dalam membuat materi promosi dan mendata pelanggan.,"Seni, Teknologi dasar","Mengetik, Mengatur waktu, Kreativitas",Membutuhkan lingkungan kerja tenang,Staff,Lulusan SMA/SMK,0-1 tahun,Part-time
Penata Meja,Restoran Elegan Nusantara,Jakarta,Rp 2.600.000,"Menata meja untuk tamu, menjaga kebersihan area makan, dan membantu menyusun peralatan.","Seni, Lingkungan dan alam","Kreativitas, Menjaga kebersihan, Kesabaran","Tidak cocok di suhu panas, Membutuhkan lingkungan kerja tenang",Staff,Lulusan SMP/SMK,0-1 tahun,Part-time
Petugas Laundry,PT Laundry Sejahtera,Medan,Rp 2.200.000,"Mencuci pakaian, menyetrika, dan melipat dengan rapi.","Lingkungan dan alam, Teknologi dasar","Ketelitian, Kerja tim, Koordinasi tangan dan mata","Tidak boleh berdiri terlalu lama, Membutuhkan istirahat berkala",Petugas Laundry,Lulusan SMP/SMK,0-1 tahun,Full-time
Staf Taman Bermain,Taman Bermain Anak Nusantara,Malang,Rp 2.700.000,"Mengawasi anak-anak bermain, menjaga keamanan area, dan membantu anak saat bermain.","Lingkungan dan alam, Sosial","Kesabaran, Berbicara dengan orang lain, Kreativitas",Membutuhkan istirahat berkala,Staff,Lulusan SMA/SMK,0-1 tahun,Full-time
Asisten Perajin Batu,Studio Batu Nusantara,Bandung,Rp 3.000.000,Membantu membuat kerajinan dari batu sederhana seperti patung kecil dan hiasan meja.,"Seni, Kerajinan tangan","Ketelitian, Kreativitas, Koordinasi tangan dan mata","Tidak cocok di suhu dingin, Membutuhkan lingkungan kerja bebas tekanan",Asisten Perajin Batu,Lulusan SMA/SMK,0-1 tahun,Part-time
Teknisi Komputer,PT Komputer Jaya,Denpasar,Rp 3.500.000,Memperbaiki perangkat keras sederhana seperti keyboard atau monitor.,Teknologi dasar,"Pemecahan masalah sederhana, Kreativitas, Ketelitian",Membutuhkan lingkungan kerja tenang,Teknisi Komputer,Lulusan SMA/SMK,0-2 tahun,Full-time
Pembersih Kolam Renang,PT Kolam Bersih Nusantara,Solo,Rp 2.300.000,"Membersihkan kolam renang, menjaga kualitas air, dan memeriksa kebersihan area sekitar.",Lingkungan dan alam,"Ketahanan fisik ringan, Menjaga kebersihan, Ketelitian","Tidak cocok di suhu panas, Tidak boleh berdiri terlalu lama",Staff,Lulusan SMP/SMK,0-1 tahun,Full-time
Penjaga Taman,PT Hijau Sejahtera,Jakarta,Rp 2.500.000,"Menjaga kebersihan taman, merawat bunga, dan menyiram tanaman.","Lingkungan dan alam, Berkebun","Kesabaran, Koordinasi tangan dan mata, Menjaga kebersihan",Tidak cocok di suhu panas,Staff,Lulusan SMP/SMK,0-1 tahun,Full-time
Barista,Kopi Nusantara Tradisional,Bandung,Rp 3.200.000,"Membuat minuman kopi dan teh sederhana, melayani pelanggan, dan membersihkan area kerja.","Memasak, Sosial","Mengikuti langkah sederhana, Berbicara dengan orang lain, Ketelitian",Tidak alergi bahan kimia tertentu,Barista,Lulusan SMA/SMK,0-1 tahun,Part-time
Asisten Penjahit Pakaian,Konveksi Tradisi Sejahtera,Surabaya,Rp 2.700.000,"Membantu menjahit pakaian, memotong kain, dan membersihkan area kerja.","Kerajinan tangan, Seni","Ketelitian, Koordinasi tangan dan mata, Kesabaran",Membutuhkan lingkungan kerja tenang,Asisten,Lulusan SMP/SMK,0-1 tahun,Full-time
Pekerja Roti Tradisional,Roti Klasik Nusantara,Yogyakarta,Rp 2.800.000,"Membuat roti tradisional, menyiapkan bahan, dan memanggang.",Memasak,"Ketelitian, Mengikuti langkah-langkah sederhana, Kreativitas",Tidak alergi bahan kimia tertentu,Staff,Lulusan SMA/SMK,0-1 tahun,Full-time
Teknisi Alat Musik,Toko Musik Harmoni,Medan,Rp 3.000.000,Memperbaiki alat musik sederhana seperti gitar dan keyboard.,"Musik, Seni","Pemecahan masalah sederhana, Kreativitas, Ketelitian",Membutuhkan lingkungan kerja tenang,Teknisi,Lulusan SMA/SMK,0-2 tahun,Full-time
Staf Pembersih Gedung,PT Bersih Bangunan Mandiri,Solo,Rp 2.400.000,"Membersihkan area gedung, menyapu, mengepel, dan membuang sampah.",Lingkungan dan alam,"Menjaga kebersihan, Ketelitian, Ketahanan fisik ringan","Tidak boleh mengangkat beban berat, Membutuhkan istirahat berkala",Staff,Lulusan SMP/SMK,0-1 tahun,Full-time
Penjaga Stand Makanan,Pasar Makanan Tradisional,Jakarta,Rp 2.500.000,"Menata makanan, melayani pembeli, dan menjaga kebersihan stand.","Memasak, Sosial","Berbicara dengan orang lain, Menjaga kebersihan, Ketelitian","Tidak alergi bahan kimia tertentu, Tidak boleh berdiri terlalu lama",Penjaga Stand Makanan,Lulusan SMP/SMK,0-1 tahun,Part-time
Asisten Fotografi Produk,Studio Produk Nusantara,Bandung,Rp 3.200.000,"Mengatur peralatan, pencahayaan, dan membantu pengeditan sederhana untuk fotografi produk.","Fotografi, Teknologi dasar","Kreativitas, Ketelitian, Koordinasi tangan dan mata",Membutuhkan lingkungan kerja tenang,Asisten ,Lulusan SMA/SMK,0-1 tahun,Part-time
Perakit Mainan Anak,PT Mainan Kreatif,Surabaya,Rp 2.800.000,Merakit mainan anak sederhana seperti puzzle dan boneka.,"Seni, Kerajinan tangan","Ketelitian, Koordinasi tangan dan mata, Kreativitas",Membutuhkan lingkungan kerja tenang,Perakit Mainan Anak,Lulusan SMP/SMK,0-1 tahun,Full-time
Staf Keamanan Mall,PT Keamanan Mandiri,Yogyakarta,Rp 2.900.000,"Memantau area mall, membantu pengunjung, dan menjaga keamanan.","Lingkungan dan alam, Sosial","Kesabaran, Berbicara dengan orang lain, Mengikuti instruksi","Tidak cocok di suhu panas, Tidak boleh berdiri terlalu lama",Staf Keamanan,Lulusan SMP/SMK,0-1 tahun,Full-time
Perajin Kayu,Sanggar Kayu Tradisional,Medan,Rp 3.000.000,Membuat kerajinan kayu seperti patung kecil atau bingkai.,"Kerajinan tangan, Seni","Ketelitian, Kreativitas, Koordinasi tangan dan mata","Tidak cocok di suhu dingin, Membutuhkan lingkungan kerja bebas tekanan",Perajin Kayu,Lulusan SMA/SMK,0-1 tahun,Full-time
Pemandu Acara Anak,Taman Bermain Sejahtera,Solo,Rp 2.600.000,Membimbing anak-anak dalam aktivitas permainan dan memberikan hiburan sederhana.,"Menari, Sosial","Kreativitas, Berbicara dengan orang lain, Kesabaran","Membutuhkan lingkungan kerja tenang, Membutuhkan istirahat berkala",Pemandu Acara Anak,Lulusan SMP/SMK,0-1 tahun,Full-time
Teknisi Audio,PT Teknologi Harmoni,Jakarta,Rp 3.200.000,Memasang dan memperbaiki perangkat audio sederhana seperti speaker dan mikrofon.,"Musik, Teknologi dasar","Pemecahan masalah sederhana, Ketelitian, Kreativitas",Membutuhkan lingkungan kerja tenang,Teknisi Audio,Lulusan SMA/SMK,0-2 tahun,Full-time
Staf Penyortir Barang,Gudang Klasik Nusantara,Bandung,Rp 2.500.000,"Menyortir barang, memeriksa kualitas, dan menjaga kerapian stok di gudang.","Lingkungan dan alam, Teknologi dasar","Menjaga kebersihan, Ketelitian, Koordinasi tangan dan mata","Tidak boleh mengangkat beban berat, Membutuhkan istirahat berkala",Staff,Lulusan SMP/SMK,0-1 tahun,Full-time
Penulis Konten Sederhana,Studio Kreatif Nusantara,Surabaya,Rp 3.000.000,"Membuat artikel sederhana, membantu menulis konten untuk media sosial atau blog.","Teknologi dasar, Seni","Menulis sederhana, Kreativitas, Mengatur waktu",Membutuhkan lingkungan kerja tenang,Penulis Konten,Lulusan SMP/SMK,0-1 tahun,Full-time
Asisten Manajemen Data,PT Data Kreatif,Yogyakarta,Rp 3.200.000,"Membantu mengolah data sederhana, menginput informasi, dan menjaga kerapihan dokumen.",Teknologi dasar,"Mengetik, Kreativitas, Ketelitian",Membutuhkan lingkungan kerja tenang,Asisten Manajemen Data,Lulusan SMA/SMK,0-1 tahun,Full-time
Pengatur Meja Dekorasi,Dekorasi Tradisional Mandiri,Medan,Rp 2.800.000,Menata meja dengan hiasan dekorasi tradisional untuk acara pernikahan atau festival.,"Seni, Kerajinan tangan","Kreativitas, Ketelitian, Koordinasi tangan dan mata","Membutuhkan lingkungan kerja tenang, Tidak cocok di suhu panas",Staff Dekorasi,Lulusan SMP/SMK,0-1 tahun,Part-time
Asisten Pengolah Data,PT Teknologi Data,Solo,Rp 3.500.000,Membantu mengolah data sederhana menggunakan komputer.,Teknologi dasar,"Mengetik, Kreativitas, Pemecahan masalah sederhana",Membutuhkan lingkungan kerja tenang,Asisten Pengolah Data,Lulusan SMA/SMK,0-1 tahun,Full-time
Tukang Kayu,Bengkel Kayu Nusantara,Jakarta,Rp 3.200.000,Membuat furnitur sederhana seperti kursi dan meja kecil.,"Kerajinan tangan, Seni","Kreativitas, Ketelitian, Koordinasi tangan dan mata","Tidak cocok di suhu dingin, Membutuhkan lingkungan kerja bebas tekanan",Tukang Kayu,Lulusan SMA/SMK,0-2 tahun,Full-time
Tukang Kebun,PT Hijau Nusantara,Jakarta,Rp 2.200.000,"Merawat tanaman, memangkas rumput, dan menjaga kebersihan taman.","Berkebun, Lingkungan dan alam","Menggunakan alat sederhana, Ketelitian, Kesabaran",Tidak cocok di suhu panas,Tukang Kebun,Lulusan SMP/SMK,0-1 tahun,Part-time
Teknisi Komputer Dasar,PT Teknologi Sejahtera,Bandung,Rp 3.200.000,"Memperbaiki komputer, mengganti komponen kecil, dan membantu troubleshooting sederhana.",Teknologi dasar,"Pemecahan masalah sederhana, Kreativitas, Ketelitian",Membutuhkan lingkungan kerja tenang,Teknisi Komputer Dasar,Lulusan SMA/SMK,0-1 tahun,Full-time
Asisten Barista,Kedai Kopi Kreatif,Surabaya,Rp 2.800.000,"Membantu barista menyiapkan kopi, menjaga kebersihan area, dan melayani pelanggan.","Memasak, Sosial","Berbicara dengan orang lain, Ketelitian, Mengikuti instruksi sederhana","Tidak alergi bahan kimia tertentu, Membutuhkan istirahat berkala",Barista Asisten,Lulusan SMP/SMK,0-1 tahun,Full-time
Penata Meja Dekorasi,Dekorasi Elegan Nusantara,Solo,Rp 2.700.000,"Menata meja untuk acara resmi, memastikan estetika dan kebersihan area dekorasi.","Seni, Kerajinan tangan","Kreativitas, Menjaga kebersihan, Ketelitian",Membutuhkan lingkungan kerja tenang,Penata Meja Dekorasi,Lulusan SMA/SMK,0-1 tahun,Part-time
Staf Administrasi Gudang,Gudang Nusantara,Jakarta,Rp 3.000.000,"Membantu pengarsipan barang masuk dan keluar, serta menjaga catatan dokumen dengan rapi.","Teknologi dasar, Lingkungan dan alam","Mengetik, Ketelitian, Mengatur waktu",Membutuhkan lingkungan kerja tenang,Staf Administrasi Gudang,Lulusan SMA/SMK,0-1 tahun,Full-time
Tukang Roti Tradisional,Roti Klasik Nusantara,Bandung,Rp 2.600.000,"Membuat roti tradisional, mengatur bahan, dan memanggang.",Memasak,"Mengikuti langkah sederhana, Kreativitas, Ketelitian",Tidak alergi bahan kimia tertentu,Staf Roti Tradisional,Lulusan SMP/SMK,0-1 tahun,Full-time
Pengasuh Anak,Taman Bermain Nusantara,Medan,Rp 2.900.000,"Mengawasi anak-anak bermain, memberikan hiburan, dan memastikan keamanan area bermain.","Menari, Sosial","Kesabaran, Kreativitas, Berbicara dengan orang lain",Membutuhkan lingkungan kerja tenang,Pengasuh Anak,Lulusan SMA/SMK,0-1 tahun,Part-time
Penulis Artikel,Studio Konten Nusantara,Surabaya,Rp 3.500.000,Menulis artikel sederhana untuk blog atau media sosial.,"Teknologi dasar, Seni","Mengetik, Kreativitas, Mengatur waktu",Membutuhkan lingkungan kerja tenang,Penulis Artikel,Lulusan SMA/SMK,0-2 tahun,Full
Perajin Kerajinan Daun,Sanggar Kreatif Alam,Malang,Rp 2.800.000,Membuat kerajinan tangan dari bahan alami seperti daun kering atau bunga.,"Kerajinan tangan, Seni","Kreativitas, Ketelitian, Koordinasi tangan dan mata","Tidak cocok di suhu dingin, Membutuhkan lingkungan kerja bebas tekanan",Perajin Kerajinan Daun,Lulusan SMP/SMK,0-1 tahun,Full-time
Penata Ruang Pameran,Galeri Seni Nusantara,Yogyakarta,Rp 3.200.000,"Menata ruang pameran seni, memastikan kebersihan, dan menjaga estetika ruangan.","Seni, Lingkungan dan alam","Kreativitas, Ketelitian, Koordinasi tangan dan mata",Membutuhkan lingkungan kerja tenang,Penata Ruang Pameran,Lulusan SMA/SMK,0-1 tahun,Full-time
Asisten Produksi,PT Produksi Mandiri,Jakarta,Rp 2.700.000,Membantu proses produksi barang sederhana seperti mengemas atau menyortir barang.,"Seni, Lingkungan dan alam","Menjaga kebersihan, Ketelitian, Koordinasi tangan dan mata","Tidak alergi bahan kimia tertentu, Membutuhkan istirahat berkala",Asisten Produksi,Lulusan SMP/SMK,0-1 tahun,Full-time
Pengelola Taman Bermain,Taman Bermain Tradisional,Bandung,Rp 3.000.000,"Mengawasi area taman bermain, membantu pengunjung, dan menjaga fasilitas tetap aman.","Lingkungan dan alam, Sosial","Kesabaran, Berbicara dengan orang lain, Kreativitas",Membutuhkan lingkungan kerja tenang,Pengelola Taman Bermain,Lulusan SMA/SMK,0-1 tahun,Part-time
Tukang Batu Tradisional,Studio Batu Nusantara,Solo,Rp 2.800.000,Membuat kerajinan sederhana dari batu seperti patung kecil dan hiasan dinding.,"Seni, Kerajinan tangan","Kreativitas, Ketelitian, Koordinasi tangan dan mata","Tidak cocok di suhu dingin, Membutuhkan lingkungan kerja bebas tekanan",Tukang Batu Tradisional,Lulusan SMP/SMK,0-1 tahun,Full-time
Pengatur Rak Buku,Perpustakaan Kota Sejahtera,Medan,Rp 2.400.000,"Menata buku di rak, membantu pengunjung menemukan koleksi, dan menjaga area tetap rapi.","Membaca cerita, Lingkungan dan alam","Menjaga kebersihan, Ketelitian, Kesabaran","Tidak cocok di suhu dingin, Membutuhkan lingkungan kerja tenang",Pengatur Rak Buku,Lulusan SMP/SMK,0-1 tahun,Part-time
Teknisi Perangkat Elektronik,PT Teknologi Mandiri,Surabaya,Rp 3.500.000,Memperbaiki perangkat elektronik sederhana seperti televisi atau kipas angin.,Teknologi dasar,"Pemecahan masalah sederhana, Kreativitas, Ketelitian",Membutuhkan lingkungan kerja tenang,Teknisi Elektronik,Lulusan SMA/SMK,0-2 tahun,Full-time
Staf Penyortir Dokumen,PT Administrasi Kreatif,Malang,Rp 2.700.000,"Menyortir dokumen, memeriksa kesesuaian arsip, dan memastikan dokumen tersusun rapi.",Teknologi dasar,"Mengetik, Ketelitian, Mengatur waktu",Membutuhkan lingkungan kerja tenang,Staf Administrasi Dokumen,Lulusan SMP/SMK,0-1 tahun,Full-time
Perajin Batik,Sanggar Batik Nusantara,Yogyakarta,Rp 3.200.000,Membantu proses pembuatan batik seperti menggambar pola dan pewarnaan.,"Seni, Kerajinan tangan","Kreativitas, Ketelitian, Kesabaran","Tidak cocok di suhu dingin, Membutuhkan lingkungan kerja bebas tekanan",Perajin Batik,Lulusan SMP/SMK,0-1 tahun,Full-time
Penata Dekorasi Festival,Dekorasi Festival Nusantara,Solo,Rp 2.900.000,"Menata dekorasi festival, memastikan keindahan dan keamanan area acara.","Seni, Lingkungan dan alam","Kreativitas, Ketelitian, Koordinasi tangan dan mata","Membutuhkan lingkungan kerja tenang, Membutuhkan istirahat berkala",Penata Dekorasi Festival,Lulusan SMA/SMK,0-1 tahun,Part-time
Tukang Cuci Mobil,PT Cuci Kendaraan Sejahtera,Bandung,Rp 2.300.000,"Membersihkan kendaraan, mencuci bagian luar dan dalam, serta menjaga kebersihan area kerja.",Lingkungan dan alam,"Menjaga kebersihan, Ketelitian, Ketahanan fisik ringan","Tidak boleh mengangkat beban berat, Membutuhkan istirahat berkala",Tukang Cuci Mobil,Lulusan SMP/SMK,0-1 tahun,Full-time
Perancang Produk Kertas,Studio Kertas Nusantara,Jakarta,Rp 3.000.000,Membuat desain sederhana untuk produk berbahan kertas seperti kartu ucapan dan dekorasi.,"Seni, Teknologi dasar","Kreativitas, Ketelitian, Pemecahan masalah sederhana",Membutuhkan lingkungan kerja tenang,Perancang Kertas,Lulusan SMA/SMK,0-1 tahun,Full-time
Asisten Dekorasi Acara,PT Event Nusantara,Bandung,Rp 2.700.000,"Membantu menyusun kursi, dekorasi, dan peralatan untuk acara resmi atau festival.","Kerajinan tangan, Lingkungan dan alam","Kerja tim, Ketelitian, Ketahanan fisik ringan","Membutuhkan istirahat berkala, Tidak cocok untuk mengangkat beban berat",Asisten Dekorasi Acara,Lulusan SMP/SMK,0-1 tahun,Full-time
Asisten Perpustakaan,Perpustakaan Kota Sejahtera,Yogyakarta,Rp 2.400.000,"Menata buku, membantu pengunjung mencari koleksi, dan menjaga area perpustakaan tetap rapi.","Membaca cerita, Lingkungan dan alam","Menjaga kebersihan, Ketelitian, Kesabaran","Tidak cocok di suhu dingin, Membutuhkan lingkungan kerja tenang",Asisten Perpustakaan,Lulusan SMP/SMK,0-1 tahun,Part-time
Perajin Kain Tradisional,Sanggar Tenun Nusantara,Medan,Rp 2.800.000,"Membantu proses menenun kain tradisional, mulai dari persiapan benang hingga penyelesaian kain.","Seni, Kerajinan tangan","Kreativitas, Ketelitian, Koordinasi tangan dan mata",Membutuhkan lingkungan kerja tenang,Perajin Tenun,Lulusan SMP/SMK,0-1 tahun,Full-time
Tukang Kayu,Bengkel Kayu Mandiri,Solo,Rp 3.200.000,Membuat furnitur seperti kursi dan meja kecil dari kayu sederhana.,"Kerajinan tangan, Seni","Kreativitas, Ketelitian, Koordinasi tangan dan mata","Tidak cocok di suhu dingin, Membutuhkan lingkungan kerja bebas tekanan",Tukang Kayu,Lulusan SMA/SMK,0-1 tahun,Full-time
Penjaga Kios,Pasar Tradisional Nusantara,Bandung,Rp 2.500.000,"Menjaga kios di pasar, melayani pelanggan, dan memastikan stok barang tersedia.","Sosial, Lingkungan dan alam","Berbicara dengan orang lain, Ketelitian, Kesabaran","Membutuhkan istirahat berkala, Tidak boleh berdiri terlalu lama",Penjaga Kios,Lulusan SMP/SMK,0-1 tahun,Full-time
Staf Gudang,PT Gudang Sejahtera,Surabaya,Rp 2.800.000,"Menyortir barang, memeriksa kualitas produk, dan menjaga kebersihan gudang.",Lingkungan dan alam,"Ketelitian, Koordinasi tangan dan mata, Ketahanan fisik ringan",Tidak boleh mengangkat beban berat,Staf Gudang,Lulusan SMP/SMK,0-1 tahun,Full-time
Asisten Fotografi Produk,Studio Foto Nusantara,Jakarta,Rp 3.000.000,"Mengatur peralatan, membantu pengaturan pencahayaan, dan mengedit foto produk sederhana.","Fotografi, Teknologi dasar","Kreativitas, Koordinasi tangan dan mata, Ketelitian",Membutuhkan lingkungan kerja tenang,Asisten Fotografi Produk,Lulusan SMP/SMK,0-1 tahun,Full-time
Pengelola Stand Pameran,PT Pameran Kreatif,Medan,Rp 3.200.000,"Mengatur stand pameran, membantu pengunjung, dan menjaga estetika area pameran.","Seni, Sosial","Kreativitas, Berbicara dengan orang lain, Koordinasi tangan dan mata",Membutuhkan lingkungan kerja tenang,Pengelola Stand Pameran,Lulusan SMA/SMK,0-1 tahun,Full-time
Teknisi Alat Musik,Toko Musik Nusantara,Bandung,Rp 3.500.000,Memperbaiki alat musik sederhana seperti gitar atau keyboard.,"Musik, Seni","Pemecahan masalah sederhana, Kreativitas, Ketelitian",Membutuhkan lingkungan kerja tenang,Teknisi Alat Musik,Lulusan SMA/SMK,0-2 tahun,Full-time
Perancang Kerajinan Daun,Sanggar Daun Nusantara,Yogyakarta,Rp 2.600.000,Membuat kerajinan tangan dari bahan alami seperti daun kering atau bunga.,"Kerajinan tangan, Seni","Kreativitas, Ketelitian, Koordinasi tangan dan mata","Tidak cocok di suhu dingin, Membutuhkan lingkungan kerja bebas tekanan",Perancang Kerajinan Daun,Lulusan SMP/SMK,0-1 tahun,Full-time
Asisten Manajemen Dokumen,PT Arsip Sejahtera,Jakarta,Rp 3.200.000,"Membantu mengatur dokumen perusahaan, menyortir, dan menjaga kerapian arsip.",Teknologi dasar,"Ketelitian, Mengatur waktu, Mengetik",Membutuhkan lingkungan kerja tenang,Asisten Manajemen Dokumen,Lulusan SMP/SMK,0-1 tahun,Full-time
Staf Layanan Pelanggan,PT Layanan Kreatif,Surabaya,Rp 3.000.000,Membantu pelanggan menjawab pertanyaan terkait produk atau layanan perusahaan.,"Teknologi dasar, Sosial","Berbicara dengan orang lain, Mendengarkan instruksi, Kreativitas",Membutuhkan lingkungan kerja tenang,Staf Layanan Pelanggan,Lulusan SMA/SMK,0-1 tahun,Full-time
Petugas Kebersihan Kantor,PT Bersih Nusantara,Solo,Rp 2.400.000,"Membersihkan area kantor, menyapu, mengepel, dan menjaga kebersihan umum.",Lingkungan dan alam,"Menjaga kebersihan, Ketelitian, Disiplin","Tidak boleh mengangkat beban berat, Membutuhkan istirahat berkala",Petugas Kebersihan Kantor,Lulusan SMP/SMK,0-1 tahun,Full-time
Asisten Dapur Restoran,Restoran Nusantara Rasa,Bandung,Rp 2.600.000,Membantu koki menyiapkan bahan masakan dan menjaga kebersihan dapur.,Memasak,"Mengikuti langkah sederhana, Kerja tim, Ketelitian","Tidak alergi bahan kimia tertentu, Membutuhkan lingkungan kerja tenang",Asisten Dapur Restoran,Lulusan SMP/SMK,0-1 tahun,Full-time
Staf Produksi Produk Kreatif,PT Produk Inovasi,Jakarta,Rp 2.800.000,Membantu produksi produk kreatif sederhana seperti aksesoris atau souvenir.,"Seni, Kerajinan tangan","Kreativitas, Koordinasi tangan dan mata, Ketelitian","Tidak cocok di suhu dingin, Membutuhkan lingkungan kerja tenang",Staf Produksi Kreatif,Lulusan SMP/SMK,0-1 tahun,Full-time
Penata Dekorasi Meja,Dekorasi Nusantara Kreatif,Medan,Rp 3.200.000,Menata dekorasi meja untuk acara seperti pernikahan atau festival.,"Seni, Kerajinan tangan","Kreativitas, Ketelitian, Koordinasi tangan dan mata",Membutuhkan lingkungan kerja tenang,Penata Dekorasi Meja,Lulusan SMP/SMK,0-1 tahun,Full-time
Pembersih Kolam,PT Kolam Bersih Nusantara,Surabaya,Rp 2.300.000,"Membersihkan kolam renang, memastikan kebersihan air, dan menjaga kualitas area sekitarnya.",Lingkungan dan alam,"Menjaga kebersihan, Ketahanan fisik ringan, Disiplin","Tidak cocok di suhu panas, Membutuhkan istirahat berkala",Pembersih Kolam,Lulusan SMP/SMK,0-1 tahun,Full-time
Asisten Penyortir Barang,Gudang Barang Sejahtera,Solo,Rp 2.500.000,"Membantu menyortir barang sesuai kategori, mengecek kualitas, dan menjaga area kerja tetap rapi.","Lingkungan dan alam, Teknologi dasar","Ketelitian, Koordinasi tangan dan mata, Kerja tim","Tidak boleh mengangkat beban berat, Membutuhkan lingkungan kerja tenang",Asisten Penyortir Barang,Lulusan SMP/SMK,0-1 tahun,Full-time
Tukang Cuci Kendaraan,PT Cuci Kendaraan Sejahtera,Bandung,Rp 2.400.000,"Membersihkan kendaraan, mencuci bagian luar dan dalam, serta memastikan kebersihan ruang kerja.",Lingkungan dan alam,"Ketahanan fisik ringan, Menjaga kebersihan, Ketelitian","Tidak boleh berdiri terlalu lama, Membutuhkan istirahat berkala",Tukang Cuci Kendaraan,Lulusan SMP/SMK,0-1 tahun,Full-time
Penjaga Taman,Taman Hijau Nusantara,Jakarta,Rp 2.200.000,"Menjaga kebersihan taman, menyiram tanaman, dan merawat bunga.","Berkebun, Lingkungan dan alam","Menggunakan alat sederhana, Ketelitian, Kesabaran",Tidak cocok di suhu panas,Penjaga Taman,Lulusan SMP/SMK,0-1 tahun,Part-time
Asisten Manajemen Arsip,PT Arsip Digital,Bandung,Rp 3.000.000,"Mengatur arsip dokumen perusahaan, memastikan data tersusun rapi, dan melakukan pengarsipan elektronik.",Teknologi dasar,"Ketelitian, Mengetik, Mengatur waktu",Membutuhkan lingkungan kerja tenang,Asisten Manajemen Arsip,Lulusan SMA/SMK,0-1 tahun,Full-time
Teknisi Perangkat Elektronik,PT Teknologi Mandiri,Surabaya,Rp 3.500.000,Memperbaiki perangkat elektronik kecil seperti charger atau kabel.,Teknologi dasar,"Pemecahan masalah sederhana, Ketelitian, Kreativitas",Membutuhkan lingkungan kerja tenang,Teknisi Elektronik,Lulusan SMA/SMK,0-1 tahun,Full-time
Asisten Fotografer Acara,Studio Foto Nusantara,Medan,Rp 3.200.000,Membantu fotografer dalam mengatur pencahayaan dan peralatan serta mengambil foto.,"Fotografi, Seni","Kreativitas, Ketelitian, Mendengarkan instruksi",Membutuhkan lingkungan kerja tenang,Asisten Fotografer,Lulusan SMA/SMK,0-1 tahun,Part-time
Pengelola Warung Tradisional,Warung Tradisi Nusantara,Solo,Rp 2.500.000,"Melayani pelanggan, mengatur stok barang, dan menjaga kebersihan warung.","Sosial, Lingkungan dan alam","Berbicara dengan orang lain, Menjaga kebersihan, Kerja tim","Membutuhkan istirahat berkala, Tidak boleh berdiri terlalu lama",Pengelola Warung,Lulusan SMA/SMK,0-1 tahun,Full-time
Tukang Kayu Tradisional,Bengkel Kayu Tradisional,Jakarta,Rp 3.200.000,Membuat furnitur sederhana dari kayu seperti meja atau rak.,"Kerajinan tangan, Seni","Kreativitas, Koordinasi tangan dan mata, Ketelitian","Tidak cocok di suhu dingin, Membutuhkan lingkungan kerja bebas tekanan",Tukang Kayu,Lulusan SMA/SMK,0-1 tahun,Full-time
Asisten Produksi Barang,PT Produksi Sejahtera,Bandung,Rp 2.700.000,Membantu proses produksi barang kecil seperti aksesoris dan mainan anak.,"Kerajinan tangan, Seni","Ketelitian, Koordinasi tangan dan mata, Kreativitas","Membutuhkan istirahat berkala, Tidak alergi bahan kimia tertentu",Asisten Produksi,Lulusan SMA/SMK,0-1 tahun,Full-time
Penata Rak Barang,Toko Serba Ada Nusantara,Yogyakarta,Rp 2.400.000,"Menata barang di rak, menjaga kerapian toko, dan membantu pelanggan mencari barang.","Lingkungan dan alam, Teknologi dasar","Menjaga kebersihan, Ketelitian, Kerja tim","Tidak boleh berdiri terlalu lama, Membutuhkan lingkungan kerja tenang",Penata Rak,Lulusan SMA/SMK,0-1 tahun,Part-time
Penulis Konten Media Sosial,Studio Digital Nusantara,Surabaya,Rp 3.500.000,"Membuat konten kreatif untuk media sosial, menulis caption, dan merancang postingan sederhana.","Teknologi dasar, Seni","Kreativitas, Mengetik, Mengatur waktu",Membutuhkan lingkungan kerja tenang,Penulis Konten,Lulusan SMA/SMK,0-1 tahun,Full-time
Tukang Roti,Toko Roti Tradisional,Solo,Rp 2.800.000,"Membuat adonan roti, memanggang, dan menata produk untuk dijual.",Memasak,"Ketelitian, Kreativitas, Mengikuti langkah sederhana",Tidak alergi bahan kimia tertentu,Tukang Roti,Lulusan SMA/SMK,0-1 tahun,Part-time
Staf Layanan Pelanggan,PT Layanan Konsumen,Jakarta,Rp 3.000.000,"Menjawab pertanyaan pelanggan, memberikan informasi produk, dan membantu pemesanan barang.","Sosial, Teknologi dasar","Berbicara dengan orang lain, Mendengarkan instruksi, Kreativitas",Membutuhkan lingkungan kerja tenang,Staf Layanan Pelanggan,Lulusan SMA/SMK,0-1 tahun,Full-time
Asisten Desain Grafis,Studio Kreatif Digital,Bandung,Rp 3.200.000,Membantu membuat desain sederhana menggunakan software desain grafis.,"Seni, Teknologi dasar","Kreativitas, Mengetik, Pemecahan masalah sederhana",Membutuhkan lingkungan kerja tenang,Asisten Desain Grafis,Lulusan SMA/SMK,0-1 tahun,Part-time
Pengasuh Hewan,Pet Shop Nusantara,Medan,Rp 2.600.000,"Merawat hewan kecil seperti kucing dan anjing, memberi makan, dan memandikan hewan.",Merawat hewan,"Kesabaran, Koordinasi tangan dan mata, Ketahanan fisik ringan","Tidak alergi bahan kimia tertentu, Membutuhkan lingkungan kerja tenang",Pengasuh Hewan,Lulusan SMA/SMK,0-1 tahun,Part-time
Penata Dekorasi Acara,PT Dekorasi Nusantara,Surabaya,Rp 2.900.000,"Menata dekorasi untuk acara pernikahan atau festival, termasuk bunga dan hiasan ruangan.","Seni, Kerajinan tangan","Kreativitas, Koordinasi tangan dan mata, Ketelitian",Membutuhkan lingkungan kerja tenang,Penata Dekorasi,Lulusan SMA/SMK,0-1 tahun,Part-time
Staf Produksi Souvenir,PT Souvenir Tradisional,Yogyakarta,Rp 2.800.000,Membantu produksi souvenir seperti gantungan kunci dan hiasan kecil.,"Kerajinan tangan, Seni","Ketelitian, Koordinasi tangan dan mata, Kreativitas","Membutuhkan lingkungan kerja tenang, Tidak cocok di suhu dingin",Staf Produksi,Lulusan SMA/SMK,0-1 tahun,Part-time
Asisten Desain Interior,Studio Interior Nusantara,Solo,Rp 3.500.000,Membantu membuat sketsa desain interior sederhana untuk rumah atau kantor.,"Seni, Teknologi dasar","Kreativitas, Mengetik, Pemecahan masalah sederhana",Membutuhkan lingkungan kerja tenang,Asisten Desain,Lulusan SMA/SMK,0-1 tahun,Full-time
Petugas Gudang,PT Logistik Nusantara,Bandung,Rp 2.500.000,"Membantu memeriksa barang masuk dan keluar, serta menjaga kerapian gudang.","Lingkungan dan alam, Teknologi dasar","Ketelitian, Koordinasi tangan dan mata, Menjaga kebersihan","Tidak boleh mengangkat beban berat, Membutuhkan istirahat berkala",Petugas Gudang,Lulusan SMA/SMK,0-1 tahun,Full-time
Teknisi Peralatan Musik,Toko Musik Tradisional,Jakarta,Rp 3.200.000,Memperbaiki alat musik sederhana seperti gitar atau piano kecil.,"Musik, Teknologi dasar","Pemecahan masalah sederhana, Kreativitas, Ketelitian",Membutuhkan lingkungan kerja tenang,Teknisi Musik,Lulusan SMA/SMK,0-1 tahun,Full-time
Pembersih Fasilitas Publik,PT Kebersihan Sejahtera,Bandung,Rp 2.400.000,"Membersihkan area publik seperti taman dan ruang tunggu, menjaga kebersihan lingkungan.",Lingkungan dan alam,"Ketahanan fisik ringan, Menjaga kebersihan, Ketelitian","Tidak cocok di suhu panas, Membutuhkan istirahat berkala",Pembersih Fasilitas,Lulusan SMA/SMK,0-1 tahun,Part-time
Tukang Perajin Keramik,Sanggar Keramik Nusantara,Yogyakarta,Rp 3.000.000,Membuat kerajinan keramik seperti pot bunga kecil dan hiasan meja.,"Kerajinan tangan, Seni","Kreativitas, Koordinasi tangan dan mata, Ketelitian","Tidak cocok di suhu dingin, Membutuhkan lingkungan kerja bebas tekanan",Perajin Keramik,Lulusan SMA/SMK,0-1 tahun,Full-time
Asisten Penata Bunga,Toko Bunga Nusantara,Jakarta,Rp 2.600.000,Membantu menata rangkaian bunga untuk dekorasi atau acara resmi.,"Seni, Lingkungan dan alam","Kreativitas, Ketelitian, Koordinasi tangan dan mata","Membutuhkan lingkungan kerja tenang, Tidak cocok di suhu panas",Asisten Penata Bunga,Lulusan SMA/SMK,0-1 tahun,Part-time
Penjaga Stand Buku,Toko Buku Tradisional,Bandung,Rp 2.400.000,"Menjaga stand buku, membantu pembeli mencari buku, dan menjaga stok tetap rapi.","Membaca cerita, Lingkungan dan alam","Berbicara dengan orang lain, Ketelitian, Menjaga kebersihan","Tidak boleh berdiri terlalu lama, Membutuhkan lingkungan kerja tenang",Penjaga Stand Buku,Lulusan SMA/SMK,0-1 tahun,Part-time
Perajin Tas Anyaman,Sanggar Anyaman Nusantara,Surabaya,Rp 3.000.000,Membuat tas dari bahan alami seperti bambu atau daun pandan.,"Kerajinan tangan, Seni","Kreativitas, Ketelitian, Koordinasi tangan dan mata","Tidak cocok di suhu dingin, Membutuhkan lingkungan kerja bebas tekanan",Perajin Tas Anyaman,Lulusan SMA/SMK,0-1 tahun,Full-time
Staf Inventaris Barang,Gudang Nusantara,Medan,Rp 3.200.000,"Mencatat barang masuk dan keluar, memeriksa stok, dan menyusun laporan sederhana.","Teknologi dasar, Lingkungan dan alam","Mengetik, Ketelitian, Mengatur waktu",Membutuhkan lingkungan kerja tenang,Staf Inventaris,Lulusan SMA/SMK,0-1 tahun,Full-time
Penata Dekorasi Natal,Dekorasi Musim Liburan,Solo,Rp 2.800.000,Menata dekorasi untuk acara liburan seperti pohon Natal dan ornamen lainnya.,"Seni, Lingkungan dan alam","Kreativitas, Ketelitian, Koordinasi tangan dan mata",Membutuhkan lingkungan kerja tenang,Penata Dekorasi Natal,Lulusan SMA/SMK,0-1 tahun,Part-time
Asisten Dapur Kafe,Kafe Tradisional Nusantara,Jakarta,Rp 2.700.000,Membantu koki menyiapkan bahan makanan sederhana dan menjaga kebersihan dapur.,Memasak,"Mengikuti langkah sederhana, Kerja tim, Ketelitian","Tidak alergi bahan kimia tertentu, Membutuhkan istirahat berkala",Asisten Dapur Kafe,Lulusan SMA/SMK,0-1 tahun,Part-time
Teknisi Lampu Hias,Toko Lampu Nusantara,Bandung,Rp 3.000.000,Memperbaiki dan memasang lampu hias sederhana untuk dekorasi rumah atau kantor.,"Seni, Teknologi dasar","Pemecahan masalah sederhana, Kreativitas, Ketelitian",Membutuhkan lingkungan kerja tenang,Teknisi Lampu Hias,Lulusan SMA/SMK,0-1 tahun,Full-time
Penata Rak Perpustakaan,Perpustakaan Kota Mandiri,Surabaya,Rp 2.500.000,"Menata buku di rak, membantu pengunjung, dan memastikan area perpustakaan rapi.","Membaca cerita, Lingkungan dan alam","Ketelitian, Kesabaran, Menjaga kebersihan","Tidak cocok di suhu dingin, Membutuhkan lingkungan kerja tenang",Penata Rak Perpustakaan,Lulusan SMA/SMK,0-1 tahun,Part-time
Pembersih Area Hotel,Hotel Nusantara Sejahtera,Medan,Rp 2.800.000,"Membersihkan kamar tamu, ruang publik, dan menjaga kebersihan hotel secara keseluruhan.",Lingkungan dan alam,"Menjaga kebersihan, Ketelitian, Disiplin","Tidak cocok di suhu panas, Membutuhkan istirahat berkala",Pembersih Area Hotel,Lulusan SMA/SMK,0-1 tahun,Part-time
Asisten Produksi Mainan,PT Mainan Tradisional,Solo,Rp 3.000.000,Membantu merakit mainan sederhana seperti boneka dan permainan edukatif.,"Kerajinan tangan, Seni","Ketelitian, Kreativitas, Koordinasi tangan dan mata",Membutuhkan lingkungan kerja tenang,Asisten Produksi,Lulusan SMA/SMK,0-1 tahun,Full-time
Tukang Jahit Pakaian,Konveksi Nusantara,Jakarta,Rp 3.200.000,Menjahit pakaian sederhana seperti seragam atau pakaian santai.,"Kerajinan tangan, Seni","Kreativitas, Ketelitian, Koordinasi tangan dan mata",Membutuhkan lingkungan kerja tenang,Tukang Jahit Pakaian,Lulusan SMA/SMK,0-1 tahun,Full-time
Perajin Kerajinan Kulit,Sanggar Kulit Nusantara,Bandung,Rp 3.500.000,Membuat barang dari kulit seperti dompet atau tas kecil.,"Kerajinan tangan, Seni","Kreativitas, Ketelitian, Koordinasi tangan dan mata","Tidak cocok di suhu dingin, Membutuhkan lingkungan kerja bebas tekanan",Perajin Kulit,Lulusan SMA/SMK,0-1 tahun,Full-time
Asisten Pelatih Musik,Sanggar Musik Nusantara,Surabaya,Rp 2.700.000,Membantu pelatih musik mengajar anak-anak bermain alat musik sederhana seperti gitar atau piano.,"Musik, Seni","Kesabaran, Kreativitas, Mendengarkan instruksi",Membutuhkan lingkungan kerja tenang,Asisten,Lulusan SMA/SMK,0-1 tahun,Full-time
Teknisi Audio Sederhana,Toko Musik Harmoni,Medan,Rp 3.200.000,Memasang dan memperbaiki perangkat audio sederhana seperti speaker kecil.,"Teknologi dasar, Musik","Pemecahan masalah sederhana, Ketelitian, Kreativitas",Membutuhkan lingkungan kerja tenang,Teknisi Audio,Lulusan SMA/SMK,0-2 tahun,Full-time
Staf Taman Bermain Anak,Taman Bermain Nusantara,Solo,Rp 2.900.000,"Mengawasi anak-anak di taman bermain, menjaga keamanan, dan membantu permainan sederhana.","Lingkungan dan alam, Sosial","Kesabaran, Kreativitas, Berbicara dengan orang lain",Membutuhkan istirahat berkala,Staff,Lulusan SMP/SMK,0-1 tahun,Part-time
Penjaga Kandang Ternak,Peternakan Nusantara,Jakarta,Rp 2.500.000,"Merawat hewan ternak seperti ayam atau kambing, memberi makan, dan menjaga kebersihan kandang.","Merawat hewan, Lingkungan dan alam","Kesabaran, Koordinasi tangan dan mata, Ketahanan fisik ringan","Tidak cocok di suhu panas, Membutuhkan istirahat berkala",Staff,Lulusan SMP/SMK,0-1 tahun,Full-time
Tukang Dekorasi Kue,Toko Kue Nusantara,Bandung,Rp 2.800.000,Mendekorasi kue sederhana dengan hiasan seperti buttercream atau cokelat.,"Memasak, Seni","Kreativitas, Ketelitian, Koordinasi tangan dan mata",Tidak alergi bahan kimia tertentu,Staff,Lulusan SMA/SMK,0-1 tahun,Part-time
Pengolah Data,PT Data Digital,Surabaya,Rp 3.500.000,Membantu mengolah data sederhana menggunakan perangkat lunak dasar seperti Excel.,Teknologi dasar,"Mengetik, Kreativitas, Pemecahan masalah sederhana",Membutuhkan lingkungan kerja tenang,Staff,Lulusan SMA/SMK,0-1 tahun,Full-time
Teknisi Perangkat Komputer,PT Teknologi Nusantara,Medan,Rp 3.200.000,Memperbaiki perangkat keras komputer seperti keyboard atau monitor.,Teknologi dasar,"Pemecahan masalah sederhana, Kreativitas, Ketelitian",Membutuhkan lingkungan kerja tenang,Teknisi Komputer,Lulusan SMA/SMK,0-2 tahun,Full-time
Pembersih Kolam Renang,PT Kebersihan Kolam,Solo,Rp 2.400.000,Membersihkan kolam renang dan memastikan kualitas air tetap terjaga.,Lingkungan dan alam,"Menjaga kebersihan, Ketahanan fisik ringan, Disiplin","Tidak cocok di suhu panas, Membutuhkan istirahat berkala",Staff,Lulusan SMP/SMK,0-1 tahun,Full-time
Petugas Layanan Hotel,Hotel Sejahtera Nusantara,Jakarta,Rp 3.000.000,"Membantu tamu dengan kebutuhan dasar seperti bagasi, pemesanan kamar, dan pelayanan lainnya.","Sosial, Lingkungan dan alam","Berbicara dengan orang lain, Menjaga kebersihan, Kesabaran",Membutuhkan lingkungan kerja tenang,Petugas Layanan,Lulusan SMA/SMK,0-1 tahun,Part-time
Penata Dekorasi Toko,Dekorasi Nusantara Kreatif,Bandung,Rp 2.800.000,Mengatur tata letak dekorasi di toko untuk menciptakan suasana menarik.,"Seni, Lingkungan dan alam","Kreativitas, Ketelitian, Koordinasi tangan dan mata",Membutuhkan lingkungan kerja tenang,Dekorator Toko,Lulusan SMP/SMK,0-1 tahun,Full-time
Perajin Barang Rotan,Sanggar Rotan Nusantara,Surabaya,Rp 3.000.000,"Membuat barang rotan seperti kursi, meja kecil, atau keranjang.","Kerajinan tangan, Seni","Kreativitas, Ketelitian, Koordinasi tangan dan mata","Tidak cocok di suhu dingin, Membutuhkan lingkungan kerja bebas tekanan",Perajin Rotan,Lulusan SMA/SMK,0-2 tahun,Full-time
Tukang Roti Tradisional,Toko Roti Tradisional,Medan,Rp 2.700.000,"Membuat roti dengan resep tradisional, mengatur bahan, dan menjaga kualitas produk.",Memasak,"Mengikuti langkah sederhana, Ketelitian, Kreativitas",Tidak alergi bahan kimia tertentu,Tukang Roti,Lulusan SMA/SMK,0-1 tahun,Full-time
Pemandu Wisata,PT Wisata Nusantara,Solo,Rp 3.500.000,"Memandu wisatawan, menjelaskan sejarah lokal, dan menjaga kenyamanan tur.","Lingkungan dan alam, Seni","Berbicara dengan orang lain, Kreativitas, Kesabaran",Membutuhkan lingkungan kerja tenang,Pemandu Wisata,Lulusan SMA/SMK,0-2 tahun,Full-time
Teknisi Peralatan Elektronik,Toko Elektronik Nusantara,Jakarta,Rp 3.200.000,Memperbaiki perangkat elektronik sederhana seperti kipas atau blender.,Teknologi dasar,"Pemecahan masalah sederhana, Ketelitian, Kreativitas",Membutuhkan lingkungan kerja tenang,Teknisi Elektronik,Lulusan SMA/SMK,0-2 tahun,Full-time
Staf Gudang Peralatan,Gudang Peralatan Mandiri,Bandung,Rp 2.500.000,"Membantu menyusun barang, memeriksa stok, dan menjaga area gudang tetap rapi.","Lingkungan dan alam, Teknologi dasar","Ketelitian, Koordinasi tangan dan mata, Menjaga kebersihan","Tidak boleh mengangkat beban berat, Membutuhkan istirahat berkala",Staff Gudang,Lulusan SMP/SMK,0-1 tahun,Full-time
Asisten Teknisi Komputer,PT Teknologi Digital,Surabaya,Rp 3.200.000,Membantu teknisi memperbaiki perangkat keras komputer seperti keyboard atau mouse.,Teknologi dasar,"Pemecahan masalah sederhana, Kreativitas, Ketelitian",Membutuhkan lingkungan kerja tenang,Asisten Teknisi Komputer,Lulusan SMA/SMK,0-1 tahun,Full-time
Staf Pembersih Kolam,PT Kolam Bersih Nusantara,Medan,Rp 2.400.000,Membersihkan kolam renang dan area sekitar untuk menjaga kebersihan dan kenyamanan.,Lingkungan dan alam,"Menjaga kebersihan, Ketahanan fisik ringan, Disiplin","Tidak cocok di suhu panas, Membutuhkan istirahat berkala",Pembersih Kolam Renang,Lulusan SMP/SMK,0-1 tahun,Full-time
Perajin Keramik Tradisional,Sanggar Keramik Nusantara,Solo,Rp 3.200.000,Membuat kerajinan keramik sederhana seperti pot kecil atau hiasan rumah.,"Kerajinan tangan, Seni","Kreativitas, Ketelitian, Koordinasi tangan dan mata","Tidak cocok di suhu dingin, Membutuhkan lingkungan kerja bebas tekanan",Perajin Keramik,Lulusan SMA/SMK,0-2 tahun,Full-time
Perajin Aksesoris Kayu,Sanggar Kayu Nusantara,Jakarta,Rp 3.000.000,Membuat aksesoris sederhana seperti gelang dan kalung dari bahan kayu.,"Kerajinan tangan, Seni","Kreativitas, Ketelitian, Koordinasi tangan dan mata","Tidak cocok di suhu dingin, Membutuhkan lingkungan kerja bebas tekanan",Perajin Kayu,Lulusan SMA/SMK,0-2 tahun,Full-time
Staf Administrasi Dokumen,PT Administrasi Nusantara,Bandung,Rp 3.200.000,"Mengarsipkan dokumen fisik dan digital, memastikan kerapian data, dan membantu pembuatan laporan.",Teknologi dasar,"Mengetik, Ketelitian, Mengatur waktu",Membutuhkan lingkungan kerja tenang,Staf Administrasi Dokumen,Lulusan SMA/SMK,1-2 tahun,Full-time
Pengatur Koleksi Museum,Museum Sejarah Nusantara,Surabaya,Rp 3.500.000,"Menata koleksi museum, menjaga kebersihan, dan memberikan informasi sederhana kepada pengunjung.","Lingkungan dan alam, Seni","Kreativitas, Ketelitian, Kesabaran",Membutuhkan lingkungan kerja tenang,Pengatur Koleksi Museum,Lulusan SMA/SMK,1-2 tahun,Full-time
Tukang Perajin Topeng,Sanggar Topeng Tradisional,Medan,Rp 3.000.000,Membuat topeng tradisional dari kayu atau bahan lainnya untuk seni pertunjukan.,"Seni, Kerajinan tangan","Kreativitas, Ketelitian, Koordinasi tangan dan mata","Tidak cocok di suhu dingin, Membutuhkan lingkungan kerja bebas tekanan",Tukang Perajin Topeng,Lulusan SMA/SMK,1-2 tahun,Full-time
Penjaga Kafe,Kafe Nusantara Tradisional,Solo,Rp 2.800.000,"Menyajikan makanan ringan, melayani pelanggan, dan menjaga kebersihan area kafe.","Sosial, Memasak","Berbicara dengan orang lain, Menjaga kebersihan, Ketelitian",Membutuhkan istirahat berkala,Penjaga Kafe,Lulusan SMP/SMK,0-1 tahun,Full-time
Teknisi Mesin Fotokopi,PT Teknologi Kantor,Jakarta,Rp 3.200.000,Memperbaiki mesin fotokopi sederhana dan memastikan fungsinya berjalan baik.,Teknologi dasar,"Pemecahan masalah sederhana, Kreativitas, Ketelitian",Membutuhkan lingkungan kerja tenang,Teknisi Mesin Fotokopi,Lulusan SMA/SMK,1-2 tahun,Full-time
Tukang Kue Kering,Toko Kue Nusantara,Bandung,Rp 2.900.000,Membuat kue kering seperti nastar atau kastengel dan menata hasil produksi.,"Memasak, Seni","Mengikuti langkah sederhana, Ketelitian, Kreativitas",Tidak alergi bahan kimia tertentu,Tukang Kue Kering,Lulusan SMA/SMK,1-2 tahun,Full-time
Staf Kebersihan Restoran,Restoran Tradisional Mandiri,Surabaya,Rp 2.400.000,"Membersihkan area makan, mencuci piring, dan menjaga kebersihan umum restoran.",Lingkungan dan alam,"Menjaga kebersihan, Ketelitian, Ketahanan fisik ringan","Tidak boleh mengangkat beban berat, Membutuhkan istirahat berkala",Staf Kebersihan Restoran,Lulusan SMP/SMK,0-1 tahun,Full-time
Asisten Desain Pakaian,Studio Fashion Nusantara,Medan,Rp 3.200.000,Membantu membuat pola desain pakaian sederhana untuk produksi massal.,"Seni, Kerajinan tangan","Kreativitas, Koordinasi tangan dan mata, Ketelitian",Membutuhkan lingkungan kerja tenang,Asisten Desain Pakaian,Lulusan SMA/SMK,1-2 tahun,Full-time
Penata Dekorasi Ulang Tahun,PT Dekorasi Bahagia,Jakarta,Rp 2.800.000,"Mengatur dekorasi untuk pesta ulang tahun, termasuk balon dan hiasan meja.","Seni, Lingkungan dan alam","Kreativitas, Ketelitian, Koordinasi tangan dan mata",Membutuhkan lingkungan kerja tenang,Penata Dekorasi Ulang Tahun,Lulusan SMA/SMK,1-2 tahun,Full-time
Tukang Jahit Tas Kecil,Konveksi Aksesoris Nusantara,Bandung,Rp 3.000.000,Membuat tas kecil dari kain sederhana untuk dijual di toko lokal.,"Kerajinan tangan, Seni","Ketelitian, Kreativitas, Koordinasi tangan dan mata",Membutuhkan lingkungan kerja tenang,Tukang Jahit Tas Kecil,Lulusan SMA/SMK,1-2 tahun,Full-time
Asisten Toko Perlengkapan,Toko Perlengkapan Rumah,Surabaya,Rp 2.400.000,"Membantu pelanggan mencari barang, menjaga stok, dan menjaga kebersihan area toko.","Sosial, Lingkungan dan alam","Berbicara dengan orang lain, Menjaga kebersihan, Ketelitian","Tidak boleh berdiri terlalu lama, Membutuhkan lingkungan kerja tenang",Asisten Toko Perlengkapan,Lulusan SMP/SMK,0-1 tahun,Full-time
Teknisi Printer Sederhana,PT Teknologi Digital Mandiri,Medan,Rp 3.500.000,Memperbaiki printer kecil dan mengganti komponen seperti cartridge.,Teknologi dasar,"Pemecahan masalah sederhana, Ketelitian, Kreativitas",Membutuhkan lingkungan kerja tenang,Teknisi Printer Sederhana,Lulusan SMA/SMK,1-2 tahun,Full-time
Pembersih Fasilitas Gedung,PT Kebersihan Bangunan,Solo,Rp 2.400.000,"Membersihkan gedung perkantoran, termasuk ruang kerja dan toilet.",Lingkungan dan alam,"Menjaga kebersihan, Ketelitian, Ketahanan fisik ringan","Tidak boleh mengangkat beban berat, Membutuhkan istirahat berkala",Pembersih Fasilitas Gedung,Lulusan SMP/SMK,0-1 tahun,Full-time
Penata Dekorasi Festival,PT Festival Kreatif Nusantara,Jakarta,Rp 3.200.000,Menata dekorasi untuk festival budaya seperti ornamen tradisional dan lampu hias.,"Seni, Lingkungan dan alam","Kreativitas, Ketelitian, Koordinasi tangan dan mata",Membutuhkan lingkungan kerja tenang,Penata Dekorasi Festival,Lulusan SMA/SMK,1-2 tahun,Full-time
Staf Produksi Lilin Hias,Sanggar Lilin Tradisional,Bandung,Rp 2.900.000,Membuat lilin hias sederhana untuk dekorasi atau souvenir.,"Kerajinan tangan, Seni","Ketelitian, Kreativitas, Koordinasi tangan dan mata",Membutuhkan lingkungan kerja tenang,Staf Produksi Lilin Hias,Lulusan SMP/SMK,0-1 tahun,Full-time
Penjaga Stand Jualan,Pasar Rakyat Nusantara,Surabaya,Rp 2.500.000,"Menjaga stand penjualan, melayani pelanggan, dan menjaga stok barang.","Sosial, Lingkungan dan alam","Berbicara dengan orang lain, Ketelitian, Menjaga kebersihan","Tidak boleh berdiri terlalu lama, Membutuhkan istirahat berkala",Penjaga Stand Jualan,Lulusan SMP/SMK,0-1 tahun,Full-time
Perajin Perhiasan Sederhana,Sanggar Perhiasan Nusantara,Medan,Rp 3.000.000,Membuat perhiasan sederhana seperti gelang dan anting dari logam ringan.,"Kerajinan tangan, Seni","Kreativitas, Ketelitian, Koordinasi tangan dan mata","Tidak cocok di suhu dingin, Membutuhkan lingkungan kerja bebas tekanan",Perajin Perhiasan Sederhana,Lulusan SMP/SMK,0-1 tahun,Full-time
Teknisi AC Rumah Tangga,PT Peralatan Rumah Mandiri,Solo,Rp 3.500.000,"Memperbaiki AC rumah tangga, mengganti filter, dan memastikan perangkat bekerja dengan baik.",Teknologi dasar,"Pemecahan masalah sederhana, Ketelitian, Kreativitas",Membutuhkan lingkungan kerja tenang,Teknisi AC Rumah Tangga,Lulusan SMA/SMK,1-2 tahun,Full-time
Tukang Roti Manis,Toko Roti Klasik,Jakarta,Rp 2.700.000,Membuat roti manis sederhana seperti donat atau roti cokelat.,Memasak,"Mengikuti langkah sederhana, Ketelitian, Kreativitas",Tidak alergi bahan kimia tertentu,Tukang Roti Manis,Lulusan SMP/SMK,0-1 tahun,Full-time
Penata Stand Pameran,PT Pameran Nusantara Kreatif,Bandung,Rp 3.200.000,"Mengatur tata letak stand pameran, menjaga kebersihan, dan membantu pengunjung.","Seni, Lingkungan dan alam","Kreativitas, Berbicara dengan orang lain, Ketelitian",Membutuhkan lingkungan kerja tenang,Penata Stand Pameran,Lulusan SMP/SMK,1-2 tahun,Full-time
Staf Inventaris Barang,Gudang Barang Nusantara,Surabaya,Rp 2.600.000,"Memeriksa inventaris barang, mencatat stok, dan menjaga kerapian area kerja.","Lingkungan dan alam, Teknologi dasar","Ketelitian, Mengetik, Mengatur waktu","Tidak boleh mengangkat beban berat, Membutuhkan lingkungan kerja tenang",Staf Inventaris Barang,Lulusan SMP/SMK,0-1 tahun,Full-time
Teknisi Kabel Listrik,PT Listrik Tradisional,Medan,Rp 3.500.000,Memasang kabel listrik sederhana untuk rumah atau kantor kecil.,Teknologi dasar,"Pemecahan masalah sederhana, Ketelitian, Kreativitas",Membutuhkan lingkungan kerja tenang,Teknisi Kabel Listrik,Lulusan SMA/SMK,1-2 tahun,Full-time
Penata Ruang Tamu,Dekorasi Rumah Nusantara,Solo,Rp 3.000.000,Mengatur tata letak dekorasi ruang tamu untuk acara keluarga atau pesta kecil.,"Seni, Lingkungan dan alam","Kreativitas, Ketelitian, Koordinasi tangan dan mata",Membutuhkan lingkungan kerja tenang,Penata Ruang Tamu,Lulusan SMP/SMK,0-1 tahun,Full-time
Pengawas Anak Bermain,Taman Bermain Nusantara,Jakarta,Rp 2.800.000,"Mengawasi anak-anak bermain, memastikan keamanan area bermain, dan membantu aktivitas sederhana.","Lingkungan dan alam, Sosial","Kesabaran, Kreativitas, Berbicara dengan orang lain",Membutuhkan istirahat berkala,Pengawas Anak Bermain,Lulusan SMP/SMK,0-1 tahun,Part-time
Asisten Produksi Sepatu,PT Sepatu Tradisional,Bandung,Rp 3.200.000,"Membantu proses produksi sepatu sederhana, termasuk menjahit atau merakit bagian.","Kerajinan tangan, Seni","Ketelitian, Koordinasi tangan dan mata, Kreativitas",Membutuhkan lingkungan kerja tenang,Asisten Produksi Sepatu,Lulusan SMP/SMK,0-1 tahun,Full-time
Tukang Batu Tradisional,Sanggar Batu Nusantara,Surabaya,Rp 3.000.000,Membuat kerajinan dari batu seperti patung kecil dan aksesoris meja.,"Seni, Kerajinan tangan","Kreativitas, Ketelitian, Koordinasi tangan dan mata","Tidak cocok di suhu dingin, Membutuhkan lingkungan kerja bebas tekanan",Tukang Batu Tradisional,Lulusan SMA/SMK,1-2 tahun,Full-time
Teknisi Peralatan Rumah,Toko Peralatan Mandiri,Medan,Rp 3.500.000,Memperbaiki peralatan rumah tangga sederhana seperti blender atau kipas angin.,Teknologi dasar,"Pemecahan masalah sederhana, Ketelitian, Kreativitas",Membutuhkan lingkungan kerja,Teknisi Peralatan Rumah,Lulusan SMA/SMK,1-2 tahun,Full-time
Staf Packing Barang,PT Logistik Nusantara,Jakarta,Rp 2.500.000,Membantu mengemas barang untuk pengiriman dan memastikan kualitas packing.,"Lingkungan dan alam, Teknologi dasar","Ketelitian, Koordinasi tangan dan mata, Menjaga kebersihan","Membutuhkan istirahat berkala, Tidak boleh mengangkat beban berat",Staf Packing Barang,Lulusan SMP/SMK,0-1 tahun,Full-time
Teknisi Televisi,Toko Elektronik Mandiri,Bandung,Rp 3.200.000,Memperbaiki televisi sederhana seperti mengganti layar atau kabel.,Teknologi dasar,"Pemecahan masalah sederhana, Ketelitian, Kreativitas",Membutuhkan lingkungan kerja tenang,Teknisi Televisi,Lulusan SMA/SMK,1-2 tahun,Full-time
Penjaga Galeri Seni,Galeri Seni Nusantara,Surabaya,Rp 3.000.000,"Mengawasi area galeri seni, memberikan informasi kepada pengunjung, dan menjaga kebersihan ruangan.","Seni, Lingkungan dan alam","Kreativitas, Berbicara dengan orang lain, Ketelitian",Membutuhkan lingkungan kerja tenang,Penjaga Galeri Seni,Lulusan SMP/SMK,0-1 tahun,Full-time
Asisten Fotografi Pernikahan,Studio Foto Pernikahan,Medan,Rp 3.500.000,Membantu fotografer dalam mengambil foto pernikahan dan mengatur peralatan.,"Fotografi, Seni","Kreativitas, Ketelitian, Mendengarkan instruksi",Membutuhkan lingkungan kerja tenang,Asisten Fotografi Pernikahan,Lulusan SMA/SMK,0-1 tahun,Full-time
Penata Rak Makanan,Toko Makanan Nusantara,Solo,Rp 2.600.000,"Menata produk makanan di rak, menjaga kebersihan, dan membantu pelanggan.","Lingkungan dan alam, Sosial","Menjaga kebersihan, Ketelitian, Berbicara dengan orang lain","Tidak boleh berdiri terlalu lama, Membutuhkan lingkungan kerja tenang",Penata Rak Makanan,Lulusan SMP/SMK,0-1 tahun,Full-time
Perajin Gantungan Kunci,Sanggar Aksesoris Nusantara,Jakarta,Rp 3.000.000,Membuat gantungan kunci dari bahan sederhana seperti kayu atau plastik.,"Kerajinan tangan, Seni","Kreativitas, Ketelitian, Koordinasi tangan dan mata","Tidak cocok di suhu dingin, Membutuhkan lingkungan kerja bebas tekanan",Perajin Gantungan Kunci,Lulusan SMP/SMK,0-1 tahun,Full-time
Tukang Roti Tradisional,Toko Roti Nusantara,Bandung,Rp 2.700.000,"Membuat roti dengan resep tradisional, mengatur bahan, dan memanggang.",Memasak,"Mengikuti langkah sederhana, Ketelitian, Kreativitas",Tidak alergi bahan kimia tertentu,Tukang Roti Tradisional,Lulusan SMA/SMK,1-2 tahun,Full-time
Teknisi Sistem Pendingin,PT Pendingin Mandiri,Surabaya,Rp 3.500.000,Memasang dan memperbaiki sistem pendingin sederhana untuk rumah atau kantor kecil.,Teknologi dasar,"Pemecahan masalah sederhana, Ketelitian, Kreativitas",Membutuhkan lingkungan kerja tenang,Teknisi Sistem Pendingin,Lulusan SMA/SMK,1-2 tahun,Full-time
Asisten Pemandu Wisata,PT Wisata Tradisional,Medan,Rp 3.000.000,Membantu pemandu wisata dalam memberikan informasi dan menjaga kelancaran tur.,"Lingkungan dan alam, Sosial","Berbicara dengan orang lain, Kesabaran, Kreativitas",Membutuhkan lingkungan kerja tenang,Asisten Pemandu Wisata,Lulusan SMP/SMK,0-1 tahun,Full-time
Tukang Perajin Keramik,Sanggar Keramik Nusantara,Solo,Rp 3.200.000,Membuat barang keramik seperti pot bunga dan dekorasi meja.,"Seni, Kerajinan tangan","Kreativitas, Ketelitian, Koordinasi tangan dan mata","Tidak cocok di suhu dingin, Membutuhkan lingkungan kerja bebas tekanan",Tukang Perajin Keramik,Lulusan SMA/SMK,0-1 tahun,Full-time
Pengasuh Anak,Taman Bermain Anak Mandiri,Jakarta,Rp 2.900.000,"Mengawasi anak-anak, membantu aktivitas bermain, dan menjaga keamanan area.","Sosial, Lingkungan dan alam","Kesabaran, Kreativitas, Berbicara dengan orang lain",Membutuhkan istirahat berkala,Pengasuh Anak,Lulusan SMP/SMK,0-1 tahun,Full-time
Teknisi Sound System,PT Audio Mandiri,Bandung,Rp 3.200.000,Memperbaiki dan memasang sound system sederhana untuk acara kecil.,"Teknologi dasar, Musik","Pemecahan masalah sederhana, Ketelitian, Kreativitas",Membutuhkan lingkungan kerja tenang,Teknisi Sound System,Lulusan SMA/SMK,1-2 tahun,Full-time
Penata Dekorasi Rumah,Studio Interior Nusantara,Surabaya,Rp 3.500.000,Menata dekorasi rumah untuk acara keluarga atau perayaan kecil.,"Seni, Lingkungan dan alam","Kreativitas, Ketelitian, Koordinasi tangan dan mata",Membutuhkan lingkungan kerja tenang,Penata Dekorasi Rumah,Lulusan SMA/SMK,0-1 tahun,Full-time
Asisten Desain Perhiasan,Sanggar Perhiasan Mandiri,Medan,Rp 3.200.000,Membantu membuat desain sederhana untuk perhiasan seperti cincin atau gelang.,"Seni, Kerajinan tangan","Kreativitas, Ketelitian, Koordinasi tangan dan mata",Membutuhkan lingkungan kerja tenang,Asisten Desain Perhiasan,Lulusan SMA/SMK,0-1 tahun,Full-time
Staf Administrasi Online,PT Administrasi Digital,Solo,Rp 3.000.000,"Membantu input data online, menjaga kerapian dokumen digital, dan mengelola email sederhana.",Teknologi dasar,"Mengetik, Ketelitian, Mengatur waktu",Membutuhkan lingkungan kerja tenang,Staf Administrasi Online,Lulusan SMA/SMK,0-1 tahun,Full-time
Perajin Lampu Hias,Studio Lampu Kreatif,Jakarta,Rp 3.000.000,Membuat lampu hias dari bahan sederhana seperti bambu atau kaca.,"Kerajinan tangan, Seni","Kreativitas, Ketelitian, Koordinasi tangan dan mata","Tidak cocok di suhu dingin, Membutuhkan lingkungan kerja bebas tekanan",Perajin Lampu Hias,Lulusan SMP/SMK,0-1 tahun,Full-time
Teknisi Jaringan Komputer,PT Teknologi Digital Nusantara,Bandung,Rp 3.500.000,Memasang dan memperbaiki jaringan komputer sederhana untuk rumah atau kantor kecil.,Teknologi dasar,"Pemecahan masalah sederhana, Ketelitian, Kreativitas",Membutuhkan lingkungan kerja tenang,Teknisi Jaringan Komputer,Lulusan SMA/SMK,1-2 tahun,Full-time
Tukang Dekorasi Kue,Toko Kue Mandiri,Surabaya,Rp 2.800.000,Mendekorasi kue sederhana seperti buttercream atau fondant.,"Seni, Memasak","Kreativitas, Ketelitian, Koordinasi tangan dan mata",Tidak alergi bahan kimia tertentu,Tukang Dekorasi Kue,Lulusan SMA/SMK,0-1 tahun,Full-time
Teknisi Elektronik Rumah,Toko Elektronik Nusantara,Medan,Rp 3.200.000,Memperbaiki perangkat elektronik rumah sederhana seperti blender atau kipas angin.,Teknologi dasar,"Pemecahan masalah sederhana, Ketelitian, Kreativitas",Membutuhkan lingkungan kerja tenang,Teknisi Elektronik Rumah,Lulusan SMA/SMK,1-2 tahun,Full-time
Tukang Jahit Seprai,Konveksi Rumah Sejahtera,Jakarta,Rp 2.700.000,Menjahit seprai dan pelapis kasur untuk produksi rumah tangga sederhana.,"Kerajinan tangan, Seni","Ketelitian, Koordinasi tangan dan mata, Kreativitas",Membutuhkan lingkungan kerja tenang,Tukang Jahit Seprai,Lulusan SMA/SMK,0-1 tahun,Full-time
Penata Tanaman Hias,Taman Hias Nusantara,Bandung,Rp 3.200.000,Merawat dan menata tanaman hias untuk dekorasi kantor atau rumah.,"Berkebun, Lingkungan dan alam","Kreativitas, Ketelitian, Koordinasi tangan dan mata","Tidak cocok di suhu panas, Membutuhkan lingkungan kerja tenang",Penata Tanaman Hias,Lulusan SMP/SMK,0-1 tahun,Full-time
Staf Pengemasan Makanan,Pabrik Makanan Nusantara,Surabaya,Rp 2.500.000,Membantu mengemas makanan ringan dan menjaga kebersihan area kerja.,Lingkungan dan alam,"Menjaga kebersihan, Ketelitian, Kerja tim","Membutuhkan istirahat berkala, Tidak boleh mengangkat beban berat",Staf Pengemasan Makanan,Lulusan SMP/SMK,0-1 tahun,Full-time
Teknisi Kamera,Toko Kamera Mandiri,Medan,Rp 3.500.000,Memperbaiki kamera digital sederhana dan mengganti komponen kecil.,Teknologi dasar,"Pemecahan masalah sederhana, Ketelitian, Kreativitas",Membutuhkan lingkungan kerja tenang,Teknisi Kamera,Lulusan SMA/SMK,1-2 tahun,Full-time
Asisten Seni Keramik,Studio Seni Keramik Nusantara,Solo,Rp 3.000.000,Membantu membuat kerajinan keramik kecil seperti gelas atau mangkuk.,"Seni, Kerajinan tangan","Kreativitas, Ketelitian, Koordinasi tangan dan mata","Tidak cocok di suhu dingin, Membutuhkan lingkungan kerja bebas tekanan",Asisten Seni Keramik,Lulusan SMP/SMK,0-1 tahun,Full-time
Pengasuh Hewan Eksotik,Peternakan Eksotik Nusantara,Jakarta,Rp 2.800.000,"Merawat hewan eksotik seperti reptil dan burung, memberi makan, dan menjaga kebersihan kandang.","Merawat hewan, Lingkungan dan alam","Kesabaran, Koordinasi tangan dan mata, Ketahanan fisik ringan","Tidak alergi bahan kimia tertentu, Membutuhkan istirahat berkala",Pengasuh Hewan Eksotik,Lulusan SMA/SMK,0-1 tahun,Full-time
Penulis Blog,Studio Konten Digital,Bandung,Rp 3.200.000,"Membuat artikel blog sederhana untuk media online, dengan tema beragam seperti travel atau makanan.","Seni, Teknologi dasar","Mengetik, Kreativitas, Mengatur waktu",Membutuhkan lingkungan kerja tenang,Penulis Blog,Lulusan SMA/SMK,0-1 tahun,Full-time
Teknisi Mesin Cuci,PT Peralatan Rumah Mandiri,Surabaya,Rp 3.500.000,Memperbaiki mesin cuci sederhana dan mengganti komponen seperti selang atau panel kontrol.,Teknologi dasar,"Pemecahan masalah sederhana, Ketelitian, Kreativitas",Membutuhkan lingkungan kerja tenang,Teknisi Mesin Cuci,Lulusan SMA/SMK,1-2 tahun,Full-time
Penjaga Stand Minuman,Toko Minuman Tradisional,Medan,Rp 2.600.000,"Menjaga stand minuman, melayani pelanggan, dan menjaga kebersihan area kerja.","Sosial, Lingkungan dan alam","Berbicara dengan orang lain, Ketelitian, Menjaga kebersihan","Tidak boleh berdiri terlalu lama, Membutuhkan istirahat berkala",Penjaga Stand Minuman,Lulusan SMP/SMK,0-1 tahun,Full-time
Perajin Mainan Edukasi,Studio Mainan Nusantara,Solo,Rp 3.000.000,Membuat mainan edukasi sederhana seperti puzzle atau balok kayu.,"Kerajinan tangan, Seni","Kreativitas, Ketelitian, Koordinasi tangan dan mata",Membutuhkan lingkungan kerja tenang,Perajin Mainan Edukasi,Lulusan SMP/SMK,0-1 tahun,Full-time
Staf Gudang Peralatan Dapur,Gudang Peralatan Mandiri,Jakarta,Rp 2.800.000,"Menyusun peralatan dapur, memeriksa stok, dan mencatat barang masuk dan keluar.","Lingkungan dan alam, Teknologi dasar","Ketelitian, Koordinasi tangan dan mata, Menjaga kebersihan","Tidak boleh mengangkat beban berat, Membutuhkan istirahat berkala",Staf Gudang Peralatan Dapur,Lulusan SMP/SMK,0-1 tahun,Full-time
Teknisi Headphone,Toko Audio Digital,Bandung,Rp 3.200.000,"Memperbaiki headphone sederhana, mengganti kabel, dan memastikan kualitas suara.","Teknologi dasar, Musik","Pemecahan masalah sederhana, Kreativitas, Ketelitian",Membutuhkan lingkungan kerja tenang,Teknisi Headphone,Lulusan SMA/SMK,1-2 tahun,Full-time
Tukang Dekorasi Lampion,Studio Dekorasi Tradisional,Surabaya,Rp 3.000.000,Membuat lampion untuk festival atau dekorasi rumah.,"Seni, Kerajinan tangan","Kreativitas, Ketelitian, Koordinasi tangan dan mata","Tidak cocok di suhu dingin, Membutuhkan lingkungan kerja bebas tekanan",Tukang Dekorasi Lampion,Lulusan SMP/SMK,0-1 tahun,Full-time
Asisten Pembuat Lilin,Sanggar Lilin Kreatif,Medan,Rp 2.700.000,Membantu proses pembuatan lilin hias untuk dekorasi atau souvenir.,"Seni, Kerajinan tangan","Ketelitian, Kreativitas, Koordinasi tangan dan mata",Membutuhkan lingkungan kerja tenang,Asisten Pembuat Lilin,Lulusan SMP/SMK,0-1 tahun,Full-time
Pengelola Kebun Herbal,Kebun Herbal Nusantara,Solo,Rp 3.200.000,"Menanam, merawat, dan memanen tanaman herbal untuk produksi obat tradisional.","Berkebun, Lingkungan dan alam","Menggunakan alat sederhana, Ketelitian, Kesabaran","Tidak cocok di suhu panas, Membutuhkan lingkungan kerja tenang",Pengelola Kebun Herbal,Lulusan SMA/SMK,1-2 tahun,Full-time
Teknisi Komponen Elektronik,PT Komponen Digital,Jakarta,Rp 3.500.000,Memasang dan memperbaiki komponen kecil seperti resistor atau kabel elektronik.,Teknologi dasar,"Pemecahan masalah sederhana, Ketelitian, Kreativitas",Membutuhkan lingkungan kerja tenang,Teknisi Komponen Elektronik,Lulusan SMA/SMK,1-2 tahun,Full-time
Staf Produksi Garmen,Konveksi Nusantara Mandiri,Bandung,Rp 2.900.000,Membantu proses produksi garmen seperti pemotongan kain dan menjahit bagian kecil.,"Kerajinan tangan, Seni","Ketelitian, Koordinasi tangan dan mata, Kreativitas",Membutuhkan lingkungan kerja tenang,Staf Produksi Garmen,Lulusan SMP/SMK,0-1 tahun,Full-time
Asisten Dekorasi Pesta,Studio Dekorasi Bahagia,Surabaya,Rp 3.000.000,"Membantu menata dekorasi pesta seperti meja tamu, bunga, dan hiasan dinding.","Seni, Lingkungan dan alam","Kreativitas, Ketelitian, Koordinasi tangan dan mata",Membutuhkan lingkungan kerja tenang,Asisten Dekorasi Pesta,Lulusan SMP/SMK,0-1 tahun,Full-time
Tukang Jahit Gorden,Konveksi Interior Nusantara,Medan,Rp 2.800.000,"Menjahit gorden sesuai pesanan pelanggan, memastikan ukuran dan desain sesuai permintaan.","Kerajinan tangan, Seni","Kreativitas, Ketelitian, Koordinasi tangan dan mata",Membutuhkan lingkungan kerja tenang,Tukang Jahit Gorden,Lulusan SMP/SMK,0-1 tahun,Full-time
Teknisi Mesin Kopi,Toko Kopi Nusantara,Solo,Rp 3.500.000,Memperbaiki mesin kopi sederhana seperti mengganti filter atau membersihkan komponen.,Teknologi dasar,"Pemecahan masalah sederhana, Ketelitian, Kreativitas",Membutuhkan lingkungan kerja tenang,Teknisi Mesin Kopi,Lulusan SMA/SMK,1-2 tahun,Full-time